# 武器種ごとのエンチャントのランク表。1 行 = 武器種の番号, 種類（EnchantmentKind の名前）, ランク E〜S の列にそのランクで付く段（1, 2, 3…）。空欄ならそのランクでは付かない。
# 効果量は種類ごとに 1 段あたりで決まっていて（Enchantments/Enchant_*.asset）、段を掛ける。保存すると武器種に取り込まれる。
weaponType,kind,E,D,C,B,A,S
01,DamageUp,1,,2,,3,
01,CritChance,1,,2,,3,
01,DropUp,1,,2,,3,
01,Size,1,,2,,3,
01,RapidFire,1,,2,,3,
01,Stun,1,,2,,3,
01,Knockback,1,,2,,3,
01,Explosion,,1,,2,,3
01,ComboBonus,1,,2,,3,
02,DamageUp,1,,2,,3,
02,CritChance,1,,2,,3,
02,DropUp,1,,2,,3,
02,RapidFire,1,,2,,3,
02,Duration,1,,2,,3,
02,Stun,1,,2,,3,
02,Knockback,1,,2,,3,
02,Multishot,,,1,,,2
04,DamageUp,1,,2,,3,
04,CritChance,1,,2,,3,
04,DropUp,1,,2,,3,
04,Size,1,,2,,3,
04,RapidFire,1,,2,,3,
04,Stun,1,,2,,3,
04,Knockback,1,,2,,3,
04,Explosion,,1,,2,,3
04,ComboBonus,1,,2,,3,
05,DamageUp,1,,2,,3,
05,CritChance,1,,2,,3,
05,DropUp,1,,2,,3,
05,ProjectileCount,,,1,,,2
05,Size,1,,2,,3,
05,Multishot,,,1,,,2
05,RapidFire,1,,2,,3,
05,Stun,1,,2,,3,
05,Knockback,1,,2,,3,
05,Explosion,,1,,2,,3
05,ComboBonus,1,,2,,3,
09,CritChance,1,,2,,3,
09,Stun,1,,2,,3,
09,DamageUp,1,,2,,3,
09,DropUp,1,,2,,3,
09,Knockback,1,,2,,3,
09,Homing,,,,1,,
09,Multishot,,,1,,,2
09,ProjectileSpeed,1,,2,,3,
09,ProjectileCount,,,1,,,2
09,Explosion,,1,,2,,3
09,Pierce,,,1,,,2
09,RapidFire,1,,2,,3,
11,CritChance,1,,2,,3,
11,Size,1,,2,,3,
11,Stun,1,,2,,3,
11,DamageUp,1,,2,,3,
11,DropUp,1,,2,,3,
11,Knockback,1,,2,,3,
11,Multishot,,,1,,,2
11,ProjectileSpeed,1,,2,,3,
11,Duration,1,,2,,3,
11,ProjectileCount,,,1,,,2
11,RapidFire,1,,2,,3,
17,HealUp,1,,2,,3,
17,Multishot,,,1,,,2
17,Duration,1,,2,,3,
17,Size,1,,2,,3,
17,ProjectileCount,,,1,,,2
17,RapidFire,1,,2,,3,
19,CritChance,1,,2,,3,
19,Stun,1,,2,,3,
19,DamageUp,1,,2,,3,
19,DropUp,1,,2,,3,
19,Knockback,1,,2,,3,
19,Multishot,,,1,,,2
19,ProjectileCount,,,1,,,2
19,RapidFire,1,,2,,3,
20,CritChance,1,,2,,3,
20,Stun,1,,2,,3,
20,DamageUp,1,,2,,3,
20,DropUp,1,,2,,3,
20,Knockback,1,,2,,3,
20,Multishot,,,1,,,2
20,Duration,1,,2,,3,
20,ProjectileCount,,,1,,,2
20,RapidFire,1,,2,,3,
21,CritChance,1,,2,,3,
21,Size,1,,2,,3,
21,Stun,1,,2,,3,
21,DamageUp,1,,2,,3,
21,DropUp,1,,2,,3,
21,Knockback,1,,2,,3,
21,Homing,,,,1,,
21,ProjectileSpeed,1,,2,,3,
21,Duration,1,,2,,3,
21,ProjectileCount,,,1,,,2
21,RapidFire,1,,2,,3,
26,MoveSpeed,1,,2,,3,
26,CritChance,1,,2,,3,
26,DropUp,1,,2,,3,
26,ProjectileCount,,,1,,,2
26,Multishot,,,1,,,2
26,Exp,1,,2,,3,
26,MaxHp,1,,2,,3,
26,Regen,1,,2,,3,
27,CritChance,1,,2,,3,
27,DropUp,1,,2,,3,
27,ProjectileCount,,,1,,,2
27,Multishot,,,1,,,2
27,Exp,1,,2,,3,
27,MoveSpeed,1,,2,,3,
27,MaxHp,1,,2,,3,
27,Defense,1,,2,,3,
27,Regen,1,,2,,3,
28,CritChance,1,,2,,3,
28,Stun,1,,2,,3,
28,DamageUp,1,,2,,3,
28,DropUp,1,,2,,3,
28,Knockback,1,,2,,3,
28,Homing,,,,1,,
28,Multishot,,,1,,,2
28,ProjectileSpeed,1,,2,,3,
28,ProjectileCount,,,1,,,2
28,Pierce,,,1,,,2
28,RapidFire,1,,2,,3,
30,Duration,1,,2,,3,
30,ProjectileCount,,,1,,,2
30,RapidFire,1,,2,,3,
