weapon,kind,level
Weapon_ShadowRunnerBlade,CritChance,3
Weapon_ShadowRunnerBlade,Multishot,2
Weapon_ShadowRunnerBlade,Duration,4
Weapon_FallenStarHammer,Explosion,2
Weapon_FallenStarHammer,Size,3
Weapon_FallenStarHammer,Multishot,2
Weapon_FallenStarHammer,ProjectileCount,2
Weapon_EndlessDownpour,ProjectileCount,2
Weapon_EndlessDownpour,Duration,3
Weapon_EndlessDownpour,Multishot,2
Weapon_ThunderGodPike,Stun,5
Weapon_ThunderGodPike,Multishot,4
Weapon_ThunderGodPike,ProjectileCount,2
Weapon_IcePrisonScepter,ProjectileCount,2
Weapon_IcePrisonScepter,Duration,2
Weapon_IcePrisonScepter,Size,4
Weapon_PurgatoryRoar,Size,4
Weapon_PurgatoryRoar,ProjectileCount,2
Weapon_UnfallingHolyShield,Regen,5
Weapon_UnfallingHolyShield,Defense,5
Weapon_HeroicSpiritHorn,ProjectileCount,4
Weapon_HeroicSpiritHorn,Duration,5
Weapon_UnbreakableHolyStaff,ProjectileCount,4
Weapon_UnbreakableHolyStaff,Duration,5